{
    "unlearner": "Identity",
    "dataset": "Computers",
    "parameters": {},
    "RunTime": 0.0002048015594482422,
    "PeakRSS_MB": 2605.5703125,
    "CudaPeak_MB": 3113.8134765625,
    "sklearn.metrics.accuracy_score.test.unlearned.on_graph:True": 0.36314067611777534,
    "sklearn.metrics.accuracy_score.forget.unlearned.on_graph:True": 0.3545374023673404,
    "sklearn.metrics.accuracy_score.train.unlearned.on_graph:True": 0.3558226441773558,
    "sklearn.metrics.accuracy_score.test.unlearned.on_graph:False": 0.36314067611777534,
    "sklearn.metrics.accuracy_score.test.original.on_graph:False": 0.36314067611777534,
    "f1_macro.test.unlearned.on_graph:True": 0.05959423838988505,
    "f1_macro.test.original.on_graph:True": 0.05959423838988505,
    "f1_macro.forget.unlearned.on_graph:True": 0.06995975440665184,
    "f1_macro.forget.original.on_graph:True": 0.06995975440665184,
    "AUS": 0.989312970865703,
    "UMIA": 0.495184007269423,
    "Link Stealing Attack unlearned 0 exist/non_exist": 0.5424739858161958,
    "Link Stealing Attack 0 unlearned forget/non_exist": 0.5319144729223879
},