{
    "unlearner": "Identity",
    "dataset": "Computers",
    "parameters": {},
    "RunTime": 0.00023603439331054688,
    "PeakRSS_MB": 2605.24609375,
    "CudaPeak_MB": 3112.88916015625,
    "sklearn.metrics.accuracy_score.test.unlearned.on_graph:True": 0.40748818611414034,
    "sklearn.metrics.accuracy_score.forget.unlearned.on_graph:True": 0.4097753442306144,
    "sklearn.metrics.accuracy_score.train.unlearned.on_graph:True": 0.39804060195939805,
    "sklearn.metrics.accuracy_score.test.unlearned.on_graph:False": 0.40276263177026533,
    "sklearn.metrics.accuracy_score.test.original.on_graph:False": 0.40276263177026533,
    "f1_macro.test.unlearned.on_graph:True": 0.1076769944444892,
    "f1_macro.test.original.on_graph:True": 0.1076769944444892,
    "f1_macro.forget.unlearned.on_graph:True": 0.10589806133001742,
    "f1_macro.forget.original.on_graph:True": 0.10589806133001742,
    "AUS": 0.9820426028666897,
    "UMIA": 0.5011358473421172,
    "Link Stealing Attack unlearned 0 exist/non_exist": 0.5129723874064009,
    "Link Stealing Attack 0 unlearned forget/non_exist": 0.5225485576574743
},